4,0,WRITTEN2WRITTEN,M0-A1-S0-B12-W0-F2-T0-X0-D1,Χτύπησε την πόρτα τόσες φορές όσες και οι συλλαβές της λέξης
4,0,WRITTEN2WRITTEN,M0-A1-S0-B12-W0-F2-T0-X1-D1,Χτύπησε την πόρτα τόσες φορές όσες και οι συλλαβές της λέξης
4,0,WRITTEN2WRITTEN,M0-A1-S0-B12-W0-F2-T0-X2-D1,Χτύπησε την πόρτα τόσες φορές όσες και οι συλλαβές της λέξης
4,0,WRITTEN2WRITTEN,M0-A1-S0-B12-W0-F2-T0-X3-D1,Χτύπησε την πόρτα τόσες φορές όσες και οι συλλαβές της λέξης
4,0,WRITTEN2WRITTEN,M0-A1-S0-B12-W4-F2-T0-X0-D1,Χτύπησε την πόρτα τόσες φορές όσες και οι συλλαβές της λέξης
4,0,WRITTEN2WRITTEN,M0-A1-S0-B12-W4-F2-T0-X1-D1,Χτύπησε την πόρτα τόσες φορές όσες και οι συλλαβές της λέξης
4,0,WRITTEN2WRITTEN,M0-A1-S0-B12-W4-F2-T0-X2-D1,Χτύπησε την πόρτα τόσες φορές όσες και οι συλλαβές της λέξης
4,0,WRITTEN2WRITTEN,M0-A1-S0-B12-W4-F2-T0-X3-D1,Χτύπησε την πόρτα τόσες φορές όσες και οι συλλαβές της λέξης
4,0,WRITTEN2WRITTEN,M0-A1-S0-B12-W9-F2-T0-X0-D1,Χτύπησε την πόρτα τόσες φορές όσες και οι συλλαβές της λέξης
4,0,WRITTEN2WRITTEN,M0-A1-S0-B12-W9-F2-T0-X1-D1,Χτύπησε την πόρτα τόσες φορές όσες και οι συλλαβές της λέξης
4,0,WRITTEN2WRITTEN,M0-A1-S0-B12-W9-F2-T0-X2-D1,Χτύπησε την πόρτα τόσες φορές όσες και οι συλλαβές της λέξης
4,0,WRITTEN2WRITTEN,M0-A1-S0-B12-W9-F2-T0-X3-D1,Χτύπησε την πόρτα τόσες φορές όσες και οι συλλαβές της λέξης
4,0,WRITTEN2WRITTEN,M0-A1-S0-B16-W0-F2-T0-X0-D1,Χτύπησε την πόρτα τόσες φορές όσες και οι συλλαβές της λέξης
4,0,WRITTEN2WRITTEN,M0-A1-S0-B16-W0-F2-T0-X1-D1,Χτύπησε την πόρτα τόσες φορές όσες και οι συλλαβές της λέξης
4,0,WRITTEN2WRITTEN,M0-A1-S0-B16-W0-F2-T0-X2-D1,Χτύπησε την πόρτα τόσες φορές όσες και οι συλλαβές της λέξης
4,0,WRITTEN2WRITTEN,M0-A1-S0-B16-W0-F2-T0-X3-D1,Χτύπησε την πόρτα τόσες φορές όσες και οι συλλαβές της λέξης
4,0,WRITTEN2WRITTEN,M0-A1-S0-B16-W4-F2-T0-X0-D1,Χτύπησε την πόρτα τόσες φορές όσες και οι συλλαβές της λέξης
4,0,WRITTEN2WRITTEN,M0-A1-S0-B16-W4-F2-T0-X1-D1,Χτύπησε την πόρτα τόσες φορές όσες και οι συλλαβές της λέξης
4,0,WRITTEN2WRITTEN,M0-A1-S0-B16-W4-F2-T0-X2-D1,Χτύπησε την πόρτα τόσες φορές όσες και οι συλλαβές της λέξης
4,0,WRITTEN2WRITTEN,M0-A1-S0-B16-W4-F2-T0-X3-D1,Χτύπησε την πόρτα τόσες φορές όσες και οι συλλαβές της λέξης
4,0,WRITTEN2WRITTEN,M0-A1-S0-B16-W9-F2-T0-X0-D1,Χτύπησε την πόρτα τόσες φορές όσες και οι συλλαβές της λέξης
4,0,WRITTEN2WRITTEN,M0-A1-S0-B16-W9-F2-T0-X1-D1,Χτύπησε την πόρτα τόσες φορές όσες και οι συλλαβές της λέξης
4,0,WRITTEN2WRITTEN,M0-A1-S0-B16-W9-F2-T0-X2-D1,Χτύπησε την πόρτα τόσες φορές όσες και οι συλλαβές της λέξης
4,0,WRITTEN2WRITTEN,M0-A1-S0-B16-W9-F2-T0-X3-D1,Χτύπησε την πόρτα τόσες φορές όσες και οι συλλαβές της λέξης
4,0,WRITTEN2WRITTEN,M0-A1-S0-B20-W0-F2-T0-X0-D1,Χτύπησε την πόρτα τόσες φορές όσες και οι συλλαβές της λέξης
4,0,WRITTEN2WRITTEN,M0-A1-S0-B20-W0-F2-T0-X1-D1,Χτύπησε την πόρτα τόσες φορές όσες και οι συλλαβές της λέξης
4,0,WRITTEN2WRITTEN,M0-A1-S0-B20-W0-F2-T0-X2-D1,Χτύπησε την πόρτα τόσες φορές όσες και οι συλλαβές της λέξης
4,0,WRITTEN2WRITTEN,M0-A1-S0-B20-W0-F2-T0-X3-D1,Χτύπησε την πόρτα τόσες φορές όσες και οι συλλαβές της λέξης
4,0,WRITTEN2WRITTEN,M0-A1-S0-B20-W4-F2-T0-X0-D1,Χτύπησε την πόρτα τόσες φορές όσες και οι συλλαβές της λέξης
4,0,WRITTEN2WRITTEN,M0-A1-S0-B20-W4-F2-T0-X1-D1,Χτύπησε την πόρτα τόσες φορές όσες και οι συλλαβές της λέξης
4,0,WRITTEN2WRITTEN,M0-A1-S0-B20-W4-F2-T0-X2-D1,Χτύπησε την πόρτα τόσες φορές όσες και οι συλλαβές της λέξης
4,0,WRITTEN2WRITTEN,M0-A1-S0-B20-W4-F2-T0-X3-D1,Χτύπησε την πόρτα τόσες φορές όσες και οι συλλαβές της λέξης
4,0,WRITTEN2WRITTEN,M0-A1-S0-B20-W9-F2-T0-X0-D1,Χτύπησε την πόρτα τόσες φορές όσες και οι συλλαβές της λέξης
4,0,WRITTEN2WRITTEN,M0-A1-S0-B20-W9-F2-T0-X1-D1,Χτύπησε την πόρτα τόσες φορές όσες και οι συλλαβές της λέξης
4,0,WRITTEN2WRITTEN,M0-A1-S0-B20-W9-F2-T0-X2-D1,Χτύπησε την πόρτα τόσες φορές όσες και οι συλλαβές της λέξης
4,0,WRITTEN2WRITTEN,M0-A1-S0-B20-W9-F2-T0-X3-D1,Χτύπησε την πόρτα τόσες φορές όσες και οι συλλαβές της λέξης
4,0,WRITTEN2WRITTEN,M0-A1-S0-B24-W0-F2-T0-X0-D1,Χτύπησε την πόρτα τόσες φορές όσες και οι συλλαβές της λέξης
4,0,WRITTEN2WRITTEN,M0-A1-S0-B24-W0-F2-T0-X1-D1,Χτύπησε την πόρτα τόσες φορές όσες και οι συλλαβές της λέξης
4,0,WRITTEN2WRITTEN,M0-A1-S0-B24-W0-F2-T0-X2-D1,Χτύπησε την πόρτα τόσες φορές όσες και οι συλλαβές της λέξης
4,0,WRITTEN2WRITTEN,M0-A1-S0-B24-W0-F2-T0-X3-D1,Χτύπησε την πόρτα τόσες φορές όσες και οι συλλαβές της λέξης
4,0,WRITTEN2WRITTEN,M0-A1-S0-B24-W4-F2-T0-X0-D1,Χτύπησε την πόρτα τόσες φορές όσες και οι συλλαβές της λέξης
4,0,WRITTEN2WRITTEN,M0-A1-S0-B24-W4-F2-T0-X1-D1,Χτύπησε την πόρτα τόσες φορές όσες και οι συλλαβές της λέξης
4,0,WRITTEN2WRITTEN,M0-A1-S0-B24-W4-F2-T0-X2-D1,Χτύπησε την πόρτα τόσες φορές όσες και οι συλλαβές της λέξης
4,0,WRITTEN2WRITTEN,M0-A1-S0-B24-W4-F2-T0-X3-D1,Χτύπησε την πόρτα τόσες φορές όσες και οι συλλαβές της λέξης
4,0,WRITTEN2WRITTEN,M0-A1-S0-B24-W9-F2-T0-X0-D1,Χτύπησε την πόρτα τόσες φορές όσες και οι συλλαβές της λέξης
4,0,WRITTEN2WRITTEN,M0-A1-S0-B24-W9-F2-T0-X1-D1,Χτύπησε την πόρτα τόσες φορές όσες και οι συλλαβές της λέξης
4,0,WRITTEN2WRITTEN,M0-A1-S0-B24-W9-F2-T0-X2-D1,Χτύπησε την πόρτα τόσες φορές όσες και οι συλλαβές της λέξης
4,0,WRITTEN2WRITTEN,M0-A1-S0-B24-W9-F2-T0-X3-D1,Χτύπησε την πόρτα τόσες φορές όσες και οι συλλαβές της λέξης
4,0,WRITTEN2WRITTEN,M0-A1-S1-B12-W0-F2-T0-X0-D1,Χτύπησε την πόρτα τόσες φορές όσες και οι συλλαβές της λέξης
4,0,WRITTEN2WRITTEN,M0-A1-S1-B12-W0-F2-T0-X1-D1,Χτύπησε την πόρτα τόσες φορές όσες και οι συλλαβές της λέξης
4,0,WRITTEN2WRITTEN,M0-A1-S1-B12-W0-F2-T0-X2-D1,Χτύπησε την πόρτα τόσες φορές όσες και οι συλλαβές της λέξης
4,0,WRITTEN2WRITTEN,M0-A1-S1-B12-W0-F2-T0-X3-D1,Χτύπησε την πόρτα τόσες φορές όσες και οι συλλαβές της λέξης
4,0,WRITTEN2WRITTEN,M0-A1-S1-B12-W4-F2-T0-X0-D1,Χτύπησε την πόρτα τόσες φορές όσες και οι συλλαβές της λέξης
4,0,WRITTEN2WRITTEN,M0-A1-S1-B12-W4-F2-T0-X1-D1,Χτύπησε την πόρτα τόσες φορές όσες και οι συλλαβές της λέξης
4,0,WRITTEN2WRITTEN,M0-A1-S1-B12-W4-F2-T0-X2-D1,Χτύπησε την πόρτα τόσες φορές όσες και οι συλλαβές της λέξης
4,0,WRITTEN2WRITTEN,M0-A1-S1-B12-W4-F2-T0-X3-D1,Χτύπησε την πόρτα τόσες φορές όσες και οι συλλαβές της λέξης
4,0,WRITTEN2WRITTEN,M0-A1-S1-B12-W9-F2-T0-X0-D1,Χτύπησε την πόρτα τόσες φορές όσες και οι συλλαβές της λέξης
4,0,WRITTEN2WRITTEN,M0-A1-S1-B12-W9-F2-T0-X1-D1,Χτύπησε την πόρτα τόσες φορές όσες και οι συλλαβές της λέξης
4,0,WRITTEN2WRITTEN,M0-A1-S1-B12-W9-F2-T0-X2-D1,Χτύπησε την πόρτα τόσες φορές όσες και οι συλλαβές της λέξης
4,0,WRITTEN2WRITTEN,M0-A1-S1-B12-W9-F2-T0-X3-D1,Χτύπησε την πόρτα τόσες φορές όσες και οι συλλαβές της λέξης
4,0,WRITTEN2WRITTEN,M0-A1-S1-B16-W0-F2-T0-X0-D1,Χτύπησε την πόρτα τόσες φορές όσες και οι συλλαβές της λέξης
4,0,WRITTEN2WRITTEN,M0-A1-S1-B16-W0-F2-T0-X1-D1,Χτύπησε την πόρτα τόσες φορές όσες και οι συλλαβές της λέξης
4,0,WRITTEN2WRITTEN,M0-A1-S1-B16-W0-F2-T0-X2-D1,Χτύπησε την πόρτα τόσες φορές όσες και οι συλλαβές της λέξης
4,0,WRITTEN2WRITTEN,M0-A1-S1-B16-W0-F2-T0-X3-D1,Χτύπησε την πόρτα τόσες φορές όσες και οι συλλαβές της λέξης
4,0,WRITTEN2WRITTEN,M0-A1-S1-B16-W4-F2-T0-X0-D1,Χτύπησε την πόρτα τόσες φορές όσες και οι συλλαβές της λέξης
4,0,WRITTEN2WRITTEN,M0-A1-S1-B16-W4-F2-T0-X1-D1,Χτύπησε την πόρτα τόσες φορές όσες και οι συλλαβές της λέξης
4,0,WRITTEN2WRITTEN,M0-A1-S1-B16-W4-F2-T0-X2-D1,Χτύπησε την πόρτα τόσες φορές όσες και οι συλλαβές της λέξης
4,0,WRITTEN2WRITTEN,M0-A1-S1-B16-W4-F2-T0-X3-D1,Χτύπησε την πόρτα τόσες φορές όσες και οι συλλαβές της λέξης
4,0,WRITTEN2WRITTEN,M0-A1-S1-B16-W9-F2-T0-X0-D1,Χτύπησε την πόρτα τόσες φορές όσες και οι συλλαβές της λέξης
4,0,WRITTEN2WRITTEN,M0-A1-S1-B16-W9-F2-T0-X1-D1,Χτύπησε την πόρτα τόσες φορές όσες και οι συλλαβές της λέξης
4,0,WRITTEN2WRITTEN,M0-A1-S1-B16-W9-F2-T0-X2-D1,Χτύπησε την πόρτα τόσες φορές όσες και οι συλλαβές της λέξης
4,0,WRITTEN2WRITTEN,M0-A1-S1-B16-W9-F2-T0-X3-D1,Χτύπησε την πόρτα τόσες φορές όσες και οι συλλαβές της λέξης
4,0,WRITTEN2WRITTEN,M0-A1-S1-B20-W0-F2-T0-X0-D1,Χτύπησε την πόρτα τόσες φορές όσες και οι συλλαβές της λέξης
4,0,WRITTEN2WRITTEN,M0-A1-S1-B20-W0-F2-T0-X1-D1,Χτύπησε την πόρτα τόσες φορές όσες και οι συλλαβές της λέξης
4,0,WRITTEN2WRITTEN,M0-A1-S1-B20-W0-F2-T0-X2-D1,Χτύπησε την πόρτα τόσες φορές όσες και οι συλλαβές της λέξης
4,0,WRITTEN2WRITTEN,M0-A1-S1-B20-W0-F2-T0-X3-D1,Χτύπησε την πόρτα τόσες φορές όσες και οι συλλαβές της λέξης
4,0,WRITTEN2WRITTEN,M0-A1-S1-B20-W4-F2-T0-X0-D1,Χτύπησε την πόρτα τόσες φορές όσες και οι συλλαβές της λέξης
4,0,WRITTEN2WRITTEN,M0-A1-S1-B20-W4-F2-T0-X1-D1,Χτύπησε την πόρτα τόσες φορές όσες και οι συλλαβές της λέξης
4,0,WRITTEN2WRITTEN,M0-A1-S1-B20-W4-F2-T0-X2-D1,Χτύπησε την πόρτα τόσες φορές όσες και οι συλλαβές της λέξης
4,0,WRITTEN2WRITTEN,M0-A1-S1-B20-W4-F2-T0-X3-D1,Χτύπησε την πόρτα τόσες φορές όσες και οι συλλαβές της λέξης
4,0,WRITTEN2WRITTEN,M0-A1-S1-B20-W9-F2-T0-X0-D1,Χτύπησε την πόρτα τόσες φορές όσες και οι συλλαβές της λέξης
4,0,WRITTEN2WRITTEN,M0-A1-S1-B20-W9-F2-T0-X1-D1,Χτύπησε την πόρτα τόσες φορές όσες και οι συλλαβές της λέξης
4,0,WRITTEN2WRITTEN,M0-A1-S1-B20-W9-F2-T0-X2-D1,Χτύπησε την πόρτα τόσες φορές όσες και οι συλλαβές της λέξης
4,0,WRITTEN2WRITTEN,M0-A1-S1-B20-W9-F2-T0-X3-D1,Χτύπησε την πόρτα τόσες φορές όσες και οι συλλαβές της λέξης
4,0,WRITTEN2WRITTEN,M0-A1-S1-B24-W0-F2-T0-X0-D1,Χτύπησε την πόρτα τόσες φορές όσες και οι συλλαβές της λέξης
4,0,WRITTEN2WRITTEN,M0-A1-S1-B24-W0-F2-T0-X1-D1,Χτύπησε την πόρτα τόσες φορές όσες και οι συλλαβές της λέξης
4,0,WRITTEN2WRITTEN,M0-A1-S1-B24-W0-F2-T0-X2-D1,Χτύπησε την πόρτα τόσες φορές όσες και οι συλλαβές της λέξης
4,0,WRITTEN2WRITTEN,M0-A1-S1-B24-W0-F2-T0-X3-D1,Χτύπησε την πόρτα τόσες φορές όσες και οι συλλαβές της λέξης
4,0,WRITTEN2WRITTEN,M0-A1-S1-B24-W4-F2-T0-X0-D1,Χτύπησε την πόρτα τόσες φορές όσες και οι συλλαβές της λέξης
4,0,WRITTEN2WRITTEN,M0-A1-S1-B24-W4-F2-T0-X1-D1,Χτύπησε την πόρτα τόσες φορές όσες και οι συλλαβές της λέξης
4,0,WRITTEN2WRITTEN,M0-A1-S1-B24-W4-F2-T0-X2-D1,Χτύπησε την πόρτα τόσες φορές όσες και οι συλλαβές της λέξης
4,0,WRITTEN2WRITTEN,M0-A1-S1-B24-W4-F2-T0-X3-D1,Χτύπησε την πόρτα τόσες φορές όσες και οι συλλαβές της λέξης
4,0,WRITTEN2WRITTEN,M0-A1-S1-B24-W9-F2-T0-X0-D1,Χτύπησε την πόρτα τόσες φορές όσες και οι συλλαβές της λέξης
4,0,WRITTEN2WRITTEN,M0-A1-S1-B24-W9-F2-T0-X1-D1,Χτύπησε την πόρτα τόσες φορές όσες και οι συλλαβές της λέξης
4,0,WRITTEN2WRITTEN,M0-A1-S1-B24-W9-F2-T0-X2-D1,Χτύπησε την πόρτα τόσες φορές όσες και οι συλλαβές της λέξης
4,0,WRITTEN2WRITTEN,M0-A1-S1-B24-W9-F2-T0-X3-D1,Χτύπησε την πόρτα τόσες φορές όσες και οι συλλαβές της λέξης
4,0,WRITTEN2WRITTEN,M0-A1-S2-B12-W0-F2-T0-X0-D1,Χτύπησε την πόρτα τόσες φορές όσες και οι συλλαβές της λέξης
4,0,WRITTEN2WRITTEN,M0-A1-S2-B12-W0-F2-T0-X1-D1,Χτύπησε την πόρτα τόσες φορές όσες και οι συλλαβές της λέξης
4,0,WRITTEN2WRITTEN,M0-A1-S2-B12-W0-F2-T0-X2-D1,Χτύπησε την πόρτα τόσες φορές όσες και οι συλλαβές της λέξης
4,0,WRITTEN2WRITTEN,M0-A1-S2-B12-W0-F2-T0-X3-D1,Χτύπησε την πόρτα τόσες φορές όσες και οι συλλαβές της λέξης
4,0,WRITTEN2WRITTEN,M0-A1-S2-B12-W4-F2-T0-X0-D1,Χτύπησε την πόρτα τόσες φορές όσες και οι συλλαβές της λέξης
4,0,WRITTEN2WRITTEN,M0-A1-S2-B12-W4-F2-T0-X1-D1,Χτύπησε την πόρτα τόσες φορές όσες και οι συλλαβές της λέξης
4,0,WRITTEN2WRITTEN,M0-A1-S2-B12-W4-F2-T0-X2-D1,Χτύπησε την πόρτα τόσες φορές όσες και οι συλλαβές της λέξης
4,0,WRITTEN2WRITTEN,M0-A1-S2-B12-W4-F2-T0-X3-D1,Χτύπησε την πόρτα τόσες φορές όσες και οι συλλαβές της λέξης
4,0,WRITTEN2WRITTEN,M0-A1-S2-B12-W9-F2-T0-X0-D1,Χτύπησε την πόρτα τόσες φορές όσες και οι συλλαβές της λέξης
4,0,WRITTEN2WRITTEN,M0-A1-S2-B12-W9-F2-T0-X1-D1,Χτύπησε την πόρτα τόσες φορές όσες και οι συλλαβές της λέξης
4,0,WRITTEN2WRITTEN,M0-A1-S2-B12-W9-F2-T0-X2-D1,Χτύπησε την πόρτα τόσες φορές όσες και οι συλλαβές της λέξης
4,0,WRITTEN2WRITTEN,M0-A1-S2-B12-W9-F2-T0-X3-D1,Χτύπησε την πόρτα τόσες φορές όσες και οι συλλαβές της λέξης
4,0,WRITTEN2WRITTEN,M0-A1-S2-B16-W0-F2-T0-X0-D1,Χτύπησε την πόρτα τόσες φορές όσες και οι συλλαβές της λέξης
4,0,WRITTEN2WRITTEN,M0-A1-S2-B16-W0-F2-T0-X1-D1,Χτύπησε την πόρτα τόσες φορές όσες και οι συλλαβές της λέξης
4,0,WRITTEN2WRITTEN,M0-A1-S2-B16-W0-F2-T0-X2-D1,Χτύπησε την πόρτα τόσες φορές όσες και οι συλλαβές της λέξης
4,0,WRITTEN2WRITTEN,M0-A1-S2-B16-W0-F2-T0-X3-D1,Χτύπησε την πόρτα τόσες φορές όσες και οι συλλαβές της λέξης
4,0,WRITTEN2WRITTEN,M0-A1-S2-B16-W4-F2-T0-X0-D1,Χτύπησε την πόρτα τόσες φορές όσες και οι συλλαβές της λέξης
4,0,WRITTEN2WRITTEN,M0-A1-S2-B16-W4-F2-T0-X1-D1,Χτύπησε την πόρτα τόσες φορές όσες και οι συλλαβές της λέξης
4,0,WRITTEN2WRITTEN,M0-A1-S2-B16-W4-F2-T0-X2-D1,Χτύπησε την πόρτα τόσες φορές όσες και οι συλλαβές της λέξης
4,0,WRITTEN2WRITTEN,M0-A1-S2-B16-W4-F2-T0-X3-D1,Χτύπησε την πόρτα τόσες φορές όσες και οι συλλαβές της λέξης
4,0,WRITTEN2WRITTEN,M0-A1-S2-B16-W9-F2-T0-X0-D1,Χτύπησε την πόρτα τόσες φορές όσες και οι συλλαβές της λέξης
4,0,WRITTEN2WRITTEN,M0-A1-S2-B16-W9-F2-T0-X1-D1,Χτύπησε την πόρτα τόσες φορές όσες και οι συλλαβές της λέξης
4,0,WRITTEN2WRITTEN,M0-A1-S2-B16-W9-F2-T0-X2-D1,Χτύπησε την πόρτα τόσες φορές όσες και οι συλλαβές της λέξης
4,0,WRITTEN2WRITTEN,M0-A1-S2-B16-W9-F2-T0-X3-D1,Χτύπησε την πόρτα τόσες φορές όσες και οι συλλαβές της λέξης
4,0,WRITTEN2WRITTEN,M0-A1-S2-B20-W0-F2-T0-X0-D1,Χτύπησε την πόρτα τόσες φορές όσες και οι συλλαβές της λέξης
4,0,WRITTEN2WRITTEN,M0-A1-S2-B20-W0-F2-T0-X1-D1,Χτύπησε την πόρτα τόσες φορές όσες και οι συλλαβές της λέξης
4,0,WRITTEN2WRITTEN,M0-A1-S2-B20-W0-F2-T0-X2-D1,Χτύπησε την πόρτα τόσες φορές όσες και οι συλλαβές της λέξης
4,0,WRITTEN2WRITTEN,M0-A1-S2-B20-W0-F2-T0-X3-D1,Χτύπησε την πόρτα τόσες φορές όσες και οι συλλαβές της λέξης
4,0,WRITTEN2WRITTEN,M0-A1-S2-B20-W4-F2-T0-X0-D1,Χτύπησε την πόρτα τόσες φορές όσες και οι συλλαβές της λέξης
4,0,WRITTEN2WRITTEN,M0-A1-S2-B20-W4-F2-T0-X1-D1,Χτύπησε την πόρτα τόσες φορές όσες και οι συλλαβές της λέξης
4,0,WRITTEN2WRITTEN,M0-A1-S2-B20-W4-F2-T0-X2-D1,Χτύπησε την πόρτα τόσες φορές όσες και οι συλλαβές της λέξης
4,0,WRITTEN2WRITTEN,M0-A1-S2-B20-W4-F2-T0-X3-D1,Χτύπησε την πόρτα τόσες φορές όσες και οι συλλαβές της λέξης
4,0,WRITTEN2WRITTEN,M0-A1-S2-B20-W9-F2-T0-X0-D1,Χτύπησε την πόρτα τόσες φορές όσες και οι συλλαβές της λέξης
4,0,WRITTEN2WRITTEN,M0-A1-S2-B20-W9-F2-T0-X1-D1,Χτύπησε την πόρτα τόσες φορές όσες και οι συλλαβές της λέξης
4,0,WRITTEN2WRITTEN,M0-A1-S2-B20-W9-F2-T0-X2-D1,Χτύπησε την πόρτα τόσες φορές όσες και οι συλλαβές της λέξης
4,0,WRITTEN2WRITTEN,M0-A1-S2-B20-W9-F2-T0-X3-D1,Χτύπησε την πόρτα τόσες φορές όσες και οι συλλαβές της λέξης
4,0,WRITTEN2WRITTEN,M0-A1-S2-B24-W0-F2-T0-X0-D1,Χτύπησε την πόρτα τόσες φορές όσες και οι συλλαβές της λέξης
4,0,WRITTEN2WRITTEN,M0-A1-S2-B24-W0-F2-T0-X1-D1,Χτύπησε την πόρτα τόσες φορές όσες και οι συλλαβές της λέξης
4,0,WRITTEN2WRITTEN,M0-A1-S2-B24-W0-F2-T0-X2-D1,Χτύπησε την πόρτα τόσες φορές όσες και οι συλλαβές της λέξης
4,0,WRITTEN2WRITTEN,M0-A1-S2-B24-W0-F2-T0-X3-D1,Χτύπησε την πόρτα τόσες φορές όσες και οι συλλαβές της λέξης
4,0,WRITTEN2WRITTEN,M0-A1-S2-B24-W4-F2-T0-X0-D1,Χτύπησε την πόρτα τόσες φορές όσες και οι συλλαβές της λέξης
4,0,WRITTEN2WRITTEN,M0-A1-S2-B24-W4-F2-T0-X1-D1,Χτύπησε την πόρτα τόσες φορές όσες και οι συλλαβές της λέξης
4,0,WRITTEN2WRITTEN,M0-A1-S2-B24-W4-F2-T0-X2-D1,Χτύπησε την πόρτα τόσες φορές όσες και οι συλλαβές της λέξης
4,0,WRITTEN2WRITTEN,M0-A1-S2-B24-W4-F2-T0-X3-D1,Χτύπησε την πόρτα τόσες φορές όσες και οι συλλαβές της λέξης
4,0,WRITTEN2WRITTEN,M0-A1-S2-B24-W9-F2-T0-X0-D1,Χτύπησε την πόρτα τόσες φορές όσες και οι συλλαβές της λέξης
4,0,WRITTEN2WRITTEN,M0-A1-S2-B24-W9-F2-T0-X1-D1,Χτύπησε την πόρτα τόσες φορές όσες και οι συλλαβές της λέξης
4,0,WRITTEN2WRITTEN,M0-A1-S2-B24-W9-F2-T0-X2-D1,Χτύπησε την πόρτα τόσες φορές όσες και οι συλλαβές της λέξης
4,0,WRITTEN2WRITTEN,M0-A1-S2-B24-W9-F2-T0-X3-D1,Χτύπησε την πόρτα τόσες φορές όσες και οι συλλαβές της λέξης
4,0,WRITTEN2WRITTEN,M0-A3-S0-B12-W0-F2-T0-X0-D1,Χτύπησε την πόρτα τόσες φορές όσες και οι συλλαβές της λέξης
4,0,WRITTEN2WRITTEN,M0-A3-S0-B12-W0-F2-T0-X1-D1,Χτύπησε την πόρτα τόσες φορές όσες και οι συλλαβές της λέξης
4,0,WRITTEN2WRITTEN,M0-A3-S0-B12-W0-F2-T0-X2-D1,Χτύπησε την πόρτα τόσες φορές όσες και οι συλλαβές της λέξης
4,0,WRITTEN2WRITTEN,M0-A3-S0-B12-W0-F2-T0-X3-D1,Χτύπησε την πόρτα τόσες φορές όσες και οι συλλαβές της λέξης
4,0,WRITTEN2WRITTEN,M0-A3-S0-B12-W4-F2-T0-X0-D1,Χτύπησε την πόρτα τόσες φορές όσες και οι συλλαβές της λέξης
4,0,WRITTEN2WRITTEN,M0-A3-S0-B12-W4-F2-T0-X1-D1,Χτύπησε την πόρτα τόσες φορές όσες και οι συλλαβές της λέξης
4,0,WRITTEN2WRITTEN,M0-A3-S0-B12-W4-F2-T0-X2-D1,Χτύπησε την πόρτα τόσες φορές όσες και οι συλλαβές της λέξης
4,0,WRITTEN2WRITTEN,M0-A3-S0-B12-W4-F2-T0-X3-D1,Χτύπησε την πόρτα τόσες φορές όσες και οι συλλαβές της λέξης
4,0,WRITTEN2WRITTEN,M0-A3-S0-B12-W9-F2-T0-X0-D1,Χτύπησε την πόρτα τόσες φορές όσες και οι συλλαβές της λέξης
4,0,WRITTEN2WRITTEN,M0-A3-S0-B12-W9-F2-T0-X1-D1,Χτύπησε την πόρτα τόσες φορές όσες και οι συλλαβές της λέξης
4,0,WRITTEN2WRITTEN,M0-A3-S0-B12-W9-F2-T0-X2-D1,Χτύπησε την πόρτα τόσες φορές όσες και οι συλλαβές της λέξης
4,0,WRITTEN2WRITTEN,M0-A3-S0-B12-W9-F2-T0-X3-D1,Χτύπησε την πόρτα τόσες φορές όσες και οι συλλαβές της λέξης
4,0,WRITTEN2WRITTEN,M0-A3-S0-B16-W0-F2-T0-X0-D1,Χτύπησε την πόρτα τόσες φορές όσες και οι συλλαβές της λέξης
4,0,WRITTEN2WRITTEN,M0-A3-S0-B16-W0-F2-T0-X1-D1,Χτύπησε την πόρτα τόσες φορές όσες και οι συλλαβές της λέξης
4,0,WRITTEN2WRITTEN,M0-A3-S0-B16-W0-F2-T0-X2-D1,Χτύπησε την πόρτα τόσες φορές όσες και οι συλλαβές της λέξης
4,0,WRITTEN2WRITTEN,M0-A3-S0-B16-W0-F2-T0-X3-D1,Χτύπησε την πόρτα τόσες φορές όσες και οι συλλαβές της λέξης
4,0,WRITTEN2WRITTEN,M0-A3-S0-B16-W4-F2-T0-X0-D1,Χτύπησε την πόρτα τόσες φορές όσες και οι συλλαβές της λέξης
4,0,WRITTEN2WRITTEN,M0-A3-S0-B16-W4-F2-T0-X1-D1,Χτύπησε την πόρτα τόσες φορές όσες και οι συλλαβές της λέξης
4,0,WRITTEN2WRITTEN,M0-A3-S0-B16-W4-F2-T0-X2-D1,Χτύπησε την πόρτα τόσες φορές όσες και οι συλλαβές της λέξης
4,0,WRITTEN2WRITTEN,M0-A3-S0-B16-W4-F2-T0-X3-D1,Χτύπησε την πόρτα τόσες φορές όσες και οι συλλαβές της λέξης
4,0,WRITTEN2WRITTEN,M0-A3-S0-B16-W9-F2-T0-X0-D1,Χτύπησε την πόρτα τόσες φορές όσες και οι συλλαβές της λέξης
4,0,WRITTEN2WRITTEN,M0-A3-S0-B16-W9-F2-T0-X1-D1,Χτύπησε την πόρτα τόσες φορές όσες και οι συλλαβές της λέξης
4,0,WRITTEN2WRITTEN,M0-A3-S0-B16-W9-F2-T0-X2-D1,Χτύπησε την πόρτα τόσες φορές όσες και οι συλλαβές της λέξης
4,0,WRITTEN2WRITTEN,M0-A3-S0-B16-W9-F2-T0-X3-D1,Χτύπησε την πόρτα τόσες φορές όσες και οι συλλαβές της λέξης
4,0,WRITTEN2WRITTEN,M0-A3-S0-B20-W0-F2-T0-X0-D1,Χτύπησε την πόρτα τόσες φορές όσες και οι συλλαβές της λέξης
4,0,WRITTEN2WRITTEN,M0-A3-S0-B20-W0-F2-T0-X1-D1,Χτύπησε την πόρτα τόσες φορές όσες και οι συλλαβές της λέξης
4,0,WRITTEN2WRITTEN,M0-A3-S0-B20-W0-F2-T0-X2-D1,Χτύπησε την πόρτα τόσες φορές όσες και οι συλλαβές της λέξης
4,0,WRITTEN2WRITTEN,M0-A3-S0-B20-W0-F2-T0-X3-D1,Χτύπησε την πόρτα τόσες φορές όσες και οι συλλαβές της λέξης
4,0,WRITTEN2WRITTEN,M0-A3-S0-B20-W4-F2-T0-X0-D1,Χτύπησε την πόρτα τόσες φορές όσες και οι συλλαβές της λέξης
4,0,WRITTEN2WRITTEN,M0-A3-S0-B20-W4-F2-T0-X1-D1,Χτύπησε την πόρτα τόσες φορές όσες και οι συλλαβές της λέξης
4,0,WRITTEN2WRITTEN,M0-A3-S0-B20-W4-F2-T0-X2-D1,Χτύπησε την πόρτα τόσες φορές όσες και οι συλλαβές της λέξης
4,0,WRITTEN2WRITTEN,M0-A3-S0-B20-W4-F2-T0-X3-D1,Χτύπησε την πόρτα τόσες φορές όσες και οι συλλαβές της λέξης
4,0,WRITTEN2WRITTEN,M0-A3-S0-B20-W9-F2-T0-X0-D1,Χτύπησε την πόρτα τόσες φορές όσες και οι συλλαβές της λέξης
4,0,WRITTEN2WRITTEN,M0-A3-S0-B20-W9-F2-T0-X1-D1,Χτύπησε την πόρτα τόσες φορές όσες και οι συλλαβές της λέξης
4,0,WRITTEN2WRITTEN,M0-A3-S0-B20-W9-F2-T0-X2-D1,Χτύπησε την πόρτα τόσες φορές όσες και οι συλλαβές της λέξης
4,0,WRITTEN2WRITTEN,M0-A3-S0-B20-W9-F2-T0-X3-D1,Χτύπησε την πόρτα τόσες φορές όσες και οι συλλαβές της λέξης
4,0,WRITTEN2WRITTEN,M0-A3-S0-B24-W0-F2-T0-X0-D1,Χτύπησε την πόρτα τόσες φορές όσες και οι συλλαβές της λέξης
4,0,WRITTEN2WRITTEN,M0-A3-S0-B24-W0-F2-T0-X1-D1,Χτύπησε την πόρτα τόσες φορές όσες και οι συλλαβές της λέξης
4,0,WRITTEN2WRITTEN,M0-A3-S0-B24-W0-F2-T0-X2-D1,Χτύπησε την πόρτα τόσες φορές όσες και οι συλλαβές της λέξης
4,0,WRITTEN2WRITTEN,M0-A3-S0-B24-W0-F2-T0-X3-D1,Χτύπησε την πόρτα τόσες φορές όσες και οι συλλαβές της λέξης
4,0,WRITTEN2WRITTEN,M0-A3-S0-B24-W4-F2-T0-X0-D1,Χτύπησε την πόρτα τόσες φορές όσες και οι συλλαβές της λέξης
4,0,WRITTEN2WRITTEN,M0-A3-S0-B24-W4-F2-T0-X1-D1,Χτύπησε την πόρτα τόσες φορές όσες και οι συλλαβές της λέξης
4,0,WRITTEN2WRITTEN,M0-A3-S0-B24-W4-F2-T0-X2-D1,Χτύπησε την πόρτα τόσες φορές όσες και οι συλλαβές της λέξης
4,0,WRITTEN2WRITTEN,M0-A3-S0-B24-W4-F2-T0-X3-D1,Χτύπησε την πόρτα τόσες φορές όσες και οι συλλαβές της λέξης
4,0,WRITTEN2WRITTEN,M0-A3-S0-B24-W9-F2-T0-X0-D1,Χτύπησε την πόρτα τόσες φορές όσες και οι συλλαβές της λέξης
4,0,WRITTEN2WRITTEN,M0-A3-S0-B24-W9-F2-T0-X1-D1,Χτύπησε την πόρτα τόσες φορές όσες και οι συλλαβές της λέξης
4,0,WRITTEN2WRITTEN,M0-A3-S0-B24-W9-F2-T0-X2-D1,Χτύπησε την πόρτα τόσες φορές όσες και οι συλλαβές της λέξης
4,0,WRITTEN2WRITTEN,M0-A3-S0-B24-W9-F2-T0-X3-D1,Χτύπησε την πόρτα τόσες φορές όσες και οι συλλαβές της λέξης
4,0,WRITTEN2WRITTEN,M0-A3-S1-B12-W0-F2-T0-X0-D1,Χτύπησε την πόρτα τόσες φορές όσες και οι συλλαβές της λέξης
4,0,WRITTEN2WRITTEN,M0-A3-S1-B12-W0-F2-T0-X1-D1,Χτύπησε την πόρτα τόσες φορές όσες και οι συλλαβές της λέξης
4,0,WRITTEN2WRITTEN,M0-A3-S1-B12-W0-F2-T0-X2-D1,Χτύπησε την πόρτα τόσες φορές όσες και οι συλλαβές της λέξης
4,0,WRITTEN2WRITTEN,M0-A3-S1-B12-W0-F2-T0-X3-D1,Χτύπησε την πόρτα τόσες φορές όσες και οι συλλαβές της λέξης
4,0,WRITTEN2WRITTEN,M0-A3-S1-B12-W4-F2-T0-X0-D1,Χτύπησε την πόρτα τόσες φορές όσες και οι συλλαβές της λέξης
4,0,WRITTEN2WRITTEN,M0-A3-S1-B12-W4-F2-T0-X1-D1,Χτύπησε την πόρτα τόσες φορές όσες και οι συλλαβές της λέξης
4,0,WRITTEN2WRITTEN,M0-A3-S1-B12-W4-F2-T0-X2-D1,Χτύπησε την πόρτα τόσες φορές όσες και οι συλλαβές της λέξης
4,0,WRITTEN2WRITTEN,M0-A3-S1-B12-W4-F2-T0-X3-D1,Χτύπησε την πόρτα τόσες φορές όσες και οι συλλαβές της λέξης
4,0,WRITTEN2WRITTEN,M0-A3-S1-B12-W9-F2-T0-X0-D1,Χτύπησε την πόρτα τόσες φορές όσες και οι συλλαβές της λέξης
4,0,WRITTEN2WRITTEN,M0-A3-S1-B12-W9-F2-T0-X1-D1,Χτύπησε την πόρτα τόσες φορές όσες και οι συλλαβές της λέξης
4,0,WRITTEN2WRITTEN,M0-A3-S1-B12-W9-F2-T0-X2-D1,Χτύπησε την πόρτα τόσες φορές όσες και οι συλλαβές της λέξης
4,0,WRITTEN2WRITTEN,M0-A3-S1-B12-W9-F2-T0-X3-D1,Χτύπησε την πόρτα τόσες φορές όσες και οι συλλαβές της λέξης
4,0,WRITTEN2WRITTEN,M0-A3-S1-B16-W0-F2-T0-X0-D1,Χτύπησε την πόρτα τόσες φορές όσες και οι συλλαβές της λέξης
4,0,WRITTEN2WRITTEN,M0-A3-S1-B16-W0-F2-T0-X1-D1,Χτύπησε την πόρτα τόσες φορές όσες και οι συλλαβές της λέξης
4,0,WRITTEN2WRITTEN,M0-A3-S1-B16-W0-F2-T0-X2-D1,Χτύπησε την πόρτα τόσες φορές όσες και οι συλλαβές της λέξης
4,0,WRITTEN2WRITTEN,M0-A3-S1-B16-W0-F2-T0-X3-D1,Χτύπησε την πόρτα τόσες φορές όσες και οι συλλαβές της λέξης
4,0,WRITTEN2WRITTEN,M0-A3-S1-B16-W4-F2-T0-X0-D1,Χτύπησε την πόρτα τόσες φορές όσες και οι συλλαβές της λέξης
4,0,WRITTEN2WRITTEN,M0-A3-S1-B16-W4-F2-T0-X1-D1,Χτύπησε την πόρτα τόσες φορές όσες και οι συλλαβές της λέξης
4,0,WRITTEN2WRITTEN,M0-A3-S1-B16-W4-F2-T0-X2-D1,Χτύπησε την πόρτα τόσες φορές όσες και οι συλλαβές της λέξης
4,0,WRITTEN2WRITTEN,M0-A3-S1-B16-W4-F2-T0-X3-D1,Χτύπησε την πόρτα τόσες φορές όσες και οι συλλαβές της λέξης
4,0,WRITTEN2WRITTEN,M0-A3-S1-B16-W9-F2-T0-X0-D1,Χτύπησε την πόρτα τόσες φορές όσες και οι συλλαβές της λέξης
4,0,WRITTEN2WRITTEN,M0-A3-S1-B16-W9-F2-T0-X1-D1,Χτύπησε την πόρτα τόσες φορές όσες και οι συλλαβές της λέξης
4,0,WRITTEN2WRITTEN,M0-A3-S1-B16-W9-F2-T0-X2-D1,Χτύπησε την πόρτα τόσες φορές όσες και οι συλλαβές της λέξης
4,0,WRITTEN2WRITTEN,M0-A3-S1-B16-W9-F2-T0-X3-D1,Χτύπησε την πόρτα τόσες φορές όσες και οι συλλαβές της λέξης
4,0,WRITTEN2WRITTEN,M0-A3-S1-B20-W0-F2-T0-X0-D1,Χτύπησε την πόρτα τόσες φορές όσες και οι συλλαβές της λέξης
4,0,WRITTEN2WRITTEN,M0-A3-S1-B20-W0-F2-T0-X1-D1,Χτύπησε την πόρτα τόσες φορές όσες και οι συλλαβές της λέξης
4,0,WRITTEN2WRITTEN,M0-A3-S1-B20-W0-F2-T0-X2-D1,Χτύπησε την πόρτα τόσες φορές όσες και οι συλλαβές της λέξης
4,0,WRITTEN2WRITTEN,M0-A3-S1-B20-W0-F2-T0-X3-D1,Χτύπησε την πόρτα τόσες φορές όσες και οι συλλαβές της λέξης
4,0,WRITTEN2WRITTEN,M0-A3-S1-B20-W4-F2-T0-X0-D1,Χτύπησε την πόρτα τόσες φορές όσες και οι συλλαβές της λέξης
4,0,WRITTEN2WRITTEN,M0-A3-S1-B20-W4-F2-T0-X1-D1,Χτύπησε την πόρτα τόσες φορές όσες και οι συλλαβές της λέξης
4,0,WRITTEN2WRITTEN,M0-A3-S1-B20-W4-F2-T0-X2-D1,Χτύπησε την πόρτα τόσες φορές όσες και οι συλλαβές της λέξης
4,0,WRITTEN2WRITTEN,M0-A3-S1-B20-W4-F2-T0-X3-D1,Χτύπησε την πόρτα τόσες φορές όσες και οι συλλαβές της λέξης
4,0,WRITTEN2WRITTEN,M0-A3-S1-B20-W9-F2-T0-X0-D1,Χτύπησε την πόρτα τόσες φορές όσες και οι συλλαβές της λέξης
4,0,WRITTEN2WRITTEN,M0-A3-S1-B20-W9-F2-T0-X1-D1,Χτύπησε την πόρτα τόσες φορές όσες και οι συλλαβές της λέξης
4,0,WRITTEN2WRITTEN,M0-A3-S1-B20-W9-F2-T0-X2-D1,Χτύπησε την πόρτα τόσες φορές όσες και οι συλλαβές της λέξης
4,0,WRITTEN2WRITTEN,M0-A3-S1-B20-W9-F2-T0-X3-D1,Χτύπησε την πόρτα τόσες φορές όσες και οι συλλαβές της λέξης
4,0,WRITTEN2WRITTEN,M0-A3-S1-B24-W0-F2-T0-X0-D1,Χτύπησε την πόρτα τόσες φορές όσες και οι συλλαβές της λέξης
4,0,WRITTEN2WRITTEN,M0-A3-S1-B24-W0-F2-T0-X1-D1,Χτύπησε την πόρτα τόσες φορές όσες και οι συλλαβές της λέξης
4,0,WRITTEN2WRITTEN,M0-A3-S1-B24-W0-F2-T0-X2-D1,Χτύπησε την πόρτα τόσες φορές όσες και οι συλλαβές της λέξης
4,0,WRITTEN2WRITTEN,M0-A3-S1-B24-W0-F2-T0-X3-D1,Χτύπησε την πόρτα τόσες φορές όσες και οι συλλαβές της λέξης
4,0,WRITTEN2WRITTEN,M0-A3-S1-B24-W4-F2-T0-X0-D1,Χτύπησε την πόρτα τόσες φορές όσες και οι συλλαβές της λέξης
4,0,WRITTEN2WRITTEN,M0-A3-S1-B24-W4-F2-T0-X1-D1,Χτύπησε την πόρτα τόσες φορές όσες και οι συλλαβές της λέξης
4,0,WRITTEN2WRITTEN,M0-A3-S1-B24-W4-F2-T0-X2-D1,Χτύπησε την πόρτα τόσες φορές όσες και οι συλλαβές της λέξης
4,0,WRITTEN2WRITTEN,M0-A3-S1-B24-W4-F2-T0-X3-D1,Χτύπησε την πόρτα τόσες φορές όσες και οι συλλαβές της λέξης
4,0,WRITTEN2WRITTEN,M0-A3-S1-B24-W9-F2-T0-X0-D1,Χτύπησε την πόρτα τόσες φορές όσες και οι συλλαβές της λέξης
4,0,WRITTEN2WRITTEN,M0-A3-S1-B24-W9-F2-T0-X1-D1,Χτύπησε την πόρτα τόσες φορές όσες και οι συλλαβές της λέξης
4,0,WRITTEN2WRITTEN,M0-A3-S1-B24-W9-F2-T0-X2-D1,Χτύπησε την πόρτα τόσες φορές όσες και οι συλλαβές της λέξης
4,0,WRITTEN2WRITTEN,M0-A3-S1-B24-W9-F2-T0-X3-D1,Χτύπησε την πόρτα τόσες φορές όσες και οι συλλαβές της λέξης
4,0,WRITTEN2WRITTEN,M0-A3-S2-B12-W0-F2-T0-X0-D1,Χτύπησε την πόρτα τόσες φορές όσες και οι συλλαβές της λέξης
4,0,WRITTEN2WRITTEN,M0-A3-S2-B12-W0-F2-T0-X1-D1,Χτύπησε την πόρτα τόσες φορές όσες και οι συλλαβές της λέξης
4,0,WRITTEN2WRITTEN,M0-A3-S2-B12-W0-F2-T0-X2-D1,Χτύπησε την πόρτα τόσες φορές όσες και οι συλλαβές της λέξης
4,0,WRITTEN2WRITTEN,M0-A3-S2-B12-W0-F2-T0-X3-D1,Χτύπησε την πόρτα τόσες φορές όσες και οι συλλαβές της λέξης
4,0,WRITTEN2WRITTEN,M0-A3-S2-B12-W4-F2-T0-X0-D1,Χτύπησε την πόρτα τόσες φορές όσες και οι συλλαβές της λέξης
4,0,WRITTEN2WRITTEN,M0-A3-S2-B12-W4-F2-T0-X1-D1,Χτύπησε την πόρτα τόσες φορές όσες και οι συλλαβές της λέξης
4,0,WRITTEN2WRITTEN,M0-A3-S2-B12-W4-F2-T0-X2-D1,Χτύπησε την πόρτα τόσες φορές όσες και οι συλλαβές της λέξης
4,0,WRITTEN2WRITTEN,M0-A3-S2-B12-W4-F2-T0-X3-D1,Χτύπησε την πόρτα τόσες φορές όσες και οι συλλαβές της λέξης
4,0,WRITTEN2WRITTEN,M0-A3-S2-B12-W9-F2-T0-X0-D1,Χτύπησε την πόρτα τόσες φορές όσες και οι συλλαβές της λέξης
4,0,WRITTEN2WRITTEN,M0-A3-S2-B12-W9-F2-T0-X1-D1,Χτύπησε την πόρτα τόσες φορές όσες και οι συλλαβές της λέξης
4,0,WRITTEN2WRITTEN,M0-A3-S2-B12-W9-F2-T0-X2-D1,Χτύπησε την πόρτα τόσες φορές όσες και οι συλλαβές της λέξης
4,0,WRITTEN2WRITTEN,M0-A3-S2-B12-W9-F2-T0-X3-D1,Χτύπησε την πόρτα τόσες φορές όσες και οι συλλαβές της λέξης
4,0,WRITTEN2WRITTEN,M0-A3-S2-B16-W0-F2-T0-X0-D1,Χτύπησε την πόρτα τόσες φορές όσες και οι συλλαβές της λέξης
4,0,WRITTEN2WRITTEN,M0-A3-S2-B16-W0-F2-T0-X1-D1,Χτύπησε την πόρτα τόσες φορές όσες και οι συλλαβές της λέξης
4,0,WRITTEN2WRITTEN,M0-A3-S2-B16-W0-F2-T0-X2-D1,Χτύπησε την πόρτα τόσες φορές όσες και οι συλλαβές της λέξης
4,0,WRITTEN2WRITTEN,M0-A3-S2-B16-W0-F2-T0-X3-D1,Χτύπησε την πόρτα τόσες φορές όσες και οι συλλαβές της λέξης
4,0,WRITTEN2WRITTEN,M0-A3-S2-B16-W4-F2-T0-X0-D1,Χτύπησε την πόρτα τόσες φορές όσες και οι συλλαβές της λέξης
4,0,WRITTEN2WRITTEN,M0-A3-S2-B16-W4-F2-T0-X1-D1,Χτύπησε την πόρτα τόσες φορές όσες και οι συλλαβές της λέξης
4,0,WRITTEN2WRITTEN,M0-A3-S2-B16-W4-F2-T0-X2-D1,Χτύπησε την πόρτα τόσες φορές όσες και οι συλλαβές της λέξης
4,0,WRITTEN2WRITTEN,M0-A3-S2-B16-W4-F2-T0-X3-D1,Χτύπησε την πόρτα τόσες φορές όσες και οι συλλαβές της λέξης
4,0,WRITTEN2WRITTEN,M0-A3-S2-B16-W9-F2-T0-X0-D1,Χτύπησε την πόρτα τόσες φορές όσες και οι συλλαβές της λέξης
4,0,WRITTEN2WRITTEN,M0-A3-S2-B16-W9-F2-T0-X1-D1,Χτύπησε την πόρτα τόσες φορές όσες και οι συλλαβές της λέξης
4,0,WRITTEN2WRITTEN,M0-A3-S2-B16-W9-F2-T0-X2-D1,Χτύπησε την πόρτα τόσες φορές όσες και οι συλλαβές της λέξης
4,0,WRITTEN2WRITTEN,M0-A3-S2-B16-W9-F2-T0-X3-D1,Χτύπησε την πόρτα τόσες φορές όσες και οι συλλαβές της λέξης
4,0,WRITTEN2WRITTEN,M0-A3-S2-B20-W0-F2-T0-X0-D1,Χτύπησε την πόρτα τόσες φορές όσες και οι συλλαβές της λέξης
4,0,WRITTEN2WRITTEN,M0-A3-S2-B20-W0-F2-T0-X1-D1,Χτύπησε την πόρτα τόσες φορές όσες και οι συλλαβές της λέξης
4,0,WRITTEN2WRITTEN,M0-A3-S2-B20-W0-F2-T0-X2-D1,Χτύπησε την πόρτα τόσες φορές όσες και οι συλλαβές της λέξης
4,0,WRITTEN2WRITTEN,M0-A3-S2-B20-W0-F2-T0-X3-D1,Χτύπησε την πόρτα τόσες φορές όσες και οι συλλαβές της λέξης
4,0,WRITTEN2WRITTEN,M0-A3-S2-B20-W4-F2-T0-X0-D1,Χτύπησε την πόρτα τόσες φορές όσες και οι συλλαβές της λέξης
4,0,WRITTEN2WRITTEN,M0-A3-S2-B20-W4-F2-T0-X1-D1,Χτύπησε την πόρτα τόσες φορές όσες και οι συλλαβές της λέξης
4,0,WRITTEN2WRITTEN,M0-A3-S2-B20-W4-F2-T0-X2-D1,Χτύπησε την πόρτα τόσες φορές όσες και οι συλλαβές της λέξης
4,0,WRITTEN2WRITTEN,M0-A3-S2-B20-W4-F2-T0-X3-D1,Χτύπησε την πόρτα τόσες φορές όσες και οι συλλαβές της λέξης
4,0,WRITTEN2WRITTEN,M0-A3-S2-B20-W9-F2-T0-X0-D1,Χτύπησε την πόρτα τόσες φορές όσες και οι συλλαβές της λέξης
4,0,WRITTEN2WRITTEN,M0-A3-S2-B20-W9-F2-T0-X1-D1,Χτύπησε την πόρτα τόσες φορές όσες και οι συλλαβές της λέξης
4,0,WRITTEN2WRITTEN,M0-A3-S2-B20-W9-F2-T0-X2-D1,Χτύπησε την πόρτα τόσες φορές όσες και οι συλλαβές της λέξης
4,0,WRITTEN2WRITTEN,M0-A3-S2-B20-W9-F2-T0-X3-D1,Χτύπησε την πόρτα τόσες φορές όσες και οι συλλαβές της λέξης
4,0,WRITTEN2WRITTEN,M0-A3-S2-B24-W0-F2-T0-X0-D1,Χτύπησε την πόρτα τόσες φορές όσες και οι συλλαβές της λέξης
4,0,WRITTEN2WRITTEN,M0-A3-S2-B24-W0-F2-T0-X1-D1,Χτύπησε την πόρτα τόσες φορές όσες και οι συλλαβές της λέξης
4,0,WRITTEN2WRITTEN,M0-A3-S2-B24-W0-F2-T0-X2-D1,Χτύπησε την πόρτα τόσες φορές όσες και οι συλλαβές της λέξης
4,0,WRITTEN2WRITTEN,M0-A3-S2-B24-W0-F2-T0-X3-D1,Χτύπησε την πόρτα τόσες φορές όσες και οι συλλαβές της λέξης
4,0,WRITTEN2WRITTEN,M0-A3-S2-B24-W4-F2-T0-X0-D1,Χτύπησε την πόρτα τόσες φορές όσες και οι συλλαβές της λέξης
4,0,WRITTEN2WRITTEN,M0-A3-S2-B24-W4-F2-T0-X1-D1,Χτύπησε την πόρτα τόσες φορές όσες και οι συλλαβές της λέξης
4,0,WRITTEN2WRITTEN,M0-A3-S2-B24-W4-F2-T0-X2-D1,Χτύπησε την πόρτα τόσες φορές όσες και οι συλλαβές της λέξης
4,0,WRITTEN2WRITTEN,M0-A3-S2-B24-W4-F2-T0-X3-D1,Χτύπησε την πόρτα τόσες φορές όσες και οι συλλαβές της λέξης
4,0,WRITTEN2WRITTEN,M0-A3-S2-B24-W9-F2-T0-X0-D1,Χτύπησε την πόρτα τόσες φορές όσες και οι συλλαβές της λέξης
4,0,WRITTEN2WRITTEN,M0-A3-S2-B24-W9-F2-T0-X1-D1,Χτύπησε την πόρτα τόσες φορές όσες και οι συλλαβές της λέξης
4,0,WRITTEN2WRITTEN,M0-A3-S2-B24-W9-F2-T0-X2-D1,Χτύπησε την πόρτα τόσες φορές όσες και οι συλλαβές της λέξης
4,0,WRITTEN2WRITTEN,M0-A3-S2-B24-W9-F2-T0-X3-D1,Χτύπησε την πόρτα τόσες φορές όσες και οι συλλαβές της λέξης
4,0,WRITTEN2WRITTEN,M0-A5-S0-B12-W0-F2-T0-X0-D1,Χτύπησε την πόρτα τόσες φορές όσες και οι συλλαβές της λέξης
4,0,WRITTEN2WRITTEN,M0-A5-S0-B12-W0-F2-T0-X1-D1,Χτύπησε την πόρτα τόσες φορές όσες και οι συλλαβές της λέξης
4,0,WRITTEN2WRITTEN,M0-A5-S0-B12-W0-F2-T0-X2-D1,Χτύπησε την πόρτα τόσες φορές όσες και οι συλλαβές της λέξης
4,0,WRITTEN2WRITTEN,M0-A5-S0-B12-W0-F2-T0-X3-D1,Χτύπησε την πόρτα τόσες φορές όσες και οι συλλαβές της λέξης
4,0,WRITTEN2WRITTEN,M0-A5-S0-B12-W4-F2-T0-X0-D1,Χτύπησε την πόρτα τόσες φορές όσες και οι συλλαβές της λέξης
4,0,WRITTEN2WRITTEN,M0-A5-S0-B12-W4-F2-T0-X1-D1,Χτύπησε την πόρτα τόσες φορές όσες και οι συλλαβές της λέξης
4,0,WRITTEN2WRITTEN,M0-A5-S0-B12-W4-F2-T0-X2-D1,Χτύπησε την πόρτα τόσες φορές όσες και οι συλλαβές της λέξης
4,0,WRITTEN2WRITTEN,M0-A5-S0-B12-W4-F2-T0-X3-D1,Χτύπησε την πόρτα τόσες φορές όσες και οι συλλαβές της λέξης
4,0,WRITTEN2WRITTEN,M0-A5-S0-B12-W9-F2-T0-X0-D1,Χτύπησε την πόρτα τόσες φορές όσες και οι συλλαβές της λέξης
4,0,WRITTEN2WRITTEN,M0-A5-S0-B12-W9-F2-T0-X1-D1,Χτύπησε την πόρτα τόσες φορές όσες και οι συλλαβές της λέξης
4,0,WRITTEN2WRITTEN,M0-A5-S0-B12-W9-F2-T0-X2-D1,Χτύπησε την πόρτα τόσες φορές όσες και οι συλλαβές της λέξης
4,0,WRITTEN2WRITTEN,M0-A5-S0-B12-W9-F2-T0-X3-D1,Χτύπησε την πόρτα τόσες φορές όσες και οι συλλαβές της λέξης
4,0,WRITTEN2WRITTEN,M0-A5-S0-B16-W0-F2-T0-X0-D1,Χτύπησε την πόρτα τόσες φορές όσες και οι συλλαβές της λέξης
4,0,WRITTEN2WRITTEN,M0-A5-S0-B16-W0-F2-T0-X1-D1,Χτύπησε την πόρτα τόσες φορές όσες και οι συλλαβές της λέξης
4,0,WRITTEN2WRITTEN,M0-A5-S0-B16-W0-F2-T0-X2-D1,Χτύπησε την πόρτα τόσες φορές όσες και οι συλλαβές της λέξης
4,0,WRITTEN2WRITTEN,M0-A5-S0-B16-W0-F2-T0-X3-D1,Χτύπησε την πόρτα τόσες φορές όσες και οι συλλαβές της λέξης
4,0,WRITTEN2WRITTEN,M0-A5-S0-B16-W4-F2-T0-X0-D1,Χτύπησε την πόρτα τόσες φορές όσες και οι συλλαβές της λέξης
4,0,WRITTEN2WRITTEN,M0-A5-S0-B16-W4-F2-T0-X1-D1,Χτύπησε την πόρτα τόσες φορές όσες και οι συλλαβές της λέξης
4,0,WRITTEN2WRITTEN,M0-A5-S0-B16-W4-F2-T0-X2-D1,Χτύπησε την πόρτα τόσες φορές όσες και οι συλλαβές της λέξης
4,0,WRITTEN2WRITTEN,M0-A5-S0-B16-W4-F2-T0-X3-D1,Χτύπησε την πόρτα τόσες φορές όσες και οι συλλαβές της λέξης
4,0,WRITTEN2WRITTEN,M0-A5-S0-B16-W9-F2-T0-X0-D1,Χτύπησε την πόρτα τόσες φορές όσες και οι συλλαβές της λέξης
4,0,WRITTEN2WRITTEN,M0-A5-S0-B16-W9-F2-T0-X1-D1,Χτύπησε την πόρτα τόσες φορές όσες και οι συλλαβές της λέξης
4,0,WRITTEN2WRITTEN,M0-A5-S0-B16-W9-F2-T0-X2-D1,Χτύπησε την πόρτα τόσες φορές όσες και οι συλλαβές της λέξης
4,0,WRITTEN2WRITTEN,M0-A5-S0-B16-W9-F2-T0-X3-D1,Χτύπησε την πόρτα τόσες φορές όσες και οι συλλαβές της λέξης
4,0,WRITTEN2WRITTEN,M0-A5-S0-B20-W0-F2-T0-X0-D1,Χτύπησε την πόρτα τόσες φορές όσες και οι συλλαβές της λέξης
4,0,WRITTEN2WRITTEN,M0-A5-S0-B20-W0-F2-T0-X1-D1,Χτύπησε την πόρτα τόσες φορές όσες και οι συλλαβές της λέξης
4,0,WRITTEN2WRITTEN,M0-A5-S0-B20-W0-F2-T0-X2-D1,Χτύπησε την πόρτα τόσες φορές όσες και οι συλλαβές της λέξης
4,0,WRITTEN2WRITTEN,M0-A5-S0-B20-W0-F2-T0-X3-D1,Χτύπησε την πόρτα τόσες φορές όσες και οι συλλαβές της λέξης
4,0,WRITTEN2WRITTEN,M0-A5-S0-B20-W4-F2-T0-X0-D1,Χτύπησε την πόρτα τόσες φορές όσες και οι συλλαβές της λέξης
4,0,WRITTEN2WRITTEN,M0-A5-S0-B20-W4-F2-T0-X1-D1,Χτύπησε την πόρτα τόσες φορές όσες και οι συλλαβές της λέξης
4,0,WRITTEN2WRITTEN,M0-A5-S0-B20-W4-F2-T0-X2-D1,Χτύπησε την πόρτα τόσες φορές όσες και οι συλλαβές της λέξης
4,0,WRITTEN2WRITTEN,M0-A5-S0-B20-W4-F2-T0-X3-D1,Χτύπησε την πόρτα τόσες φορές όσες και οι συλλαβές της λέξης
4,0,WRITTEN2WRITTEN,M0-A5-S0-B20-W9-F2-T0-X0-D1,Χτύπησε την πόρτα τόσες φορές όσες και οι συλλαβές της λέξης
4,0,WRITTEN2WRITTEN,M0-A5-S0-B20-W9-F2-T0-X1-D1,Χτύπησε την πόρτα τόσες φορές όσες και οι συλλαβές της λέξης
4,0,WRITTEN2WRITTEN,M0-A5-S0-B20-W9-F2-T0-X2-D1,Χτύπησε την πόρτα τόσες φορές όσες και οι συλλαβές της λέξης
4,0,WRITTEN2WRITTEN,M0-A5-S0-B20-W9-F2-T0-X3-D1,Χτύπησε την πόρτα τόσες φορές όσες και οι συλλαβές της λέξης
4,0,WRITTEN2WRITTEN,M0-A5-S0-B24-W0-F2-T0-X0-D1,Χτύπησε την πόρτα τόσες φορές όσες και οι συλλαβές της λέξης
4,0,WRITTEN2WRITTEN,M0-A5-S0-B24-W0-F2-T0-X1-D1,Χτύπησε την πόρτα τόσες φορές όσες και οι συλλαβές της λέξης
4,0,WRITTEN2WRITTEN,M0-A5-S0-B24-W0-F2-T0-X2-D1,Χτύπησε την πόρτα τόσες φορές όσες και οι συλλαβές της λέξης
4,0,WRITTEN2WRITTEN,M0-A5-S0-B24-W0-F2-T0-X3-D1,Χτύπησε την πόρτα τόσες φορές όσες και οι συλλαβές της λέξης
4,0,WRITTEN2WRITTEN,M0-A5-S0-B24-W4-F2-T0-X0-D1,Χτύπησε την πόρτα τόσες φορές όσες και οι συλλαβές της λέξης
4,0,WRITTEN2WRITTEN,M0-A5-S0-B24-W4-F2-T0-X1-D1,Χτύπησε την πόρτα τόσες φορές όσες και οι συλλαβές της λέξης
4,0,WRITTEN2WRITTEN,M0-A5-S0-B24-W4-F2-T0-X2-D1,Χτύπησε την πόρτα τόσες φορές όσες και οι συλλαβές της λέξης
4,0,WRITTEN2WRITTEN,M0-A5-S0-B24-W4-F2-T0-X3-D1,Χτύπησε την πόρτα τόσες φορές όσες και οι συλλαβές της λέξης
4,0,WRITTEN2WRITTEN,M0-A5-S0-B24-W9-F2-T0-X0-D1,Χτύπησε την πόρτα τόσες φορές όσες και οι συλλαβές της λέξης
4,0,WRITTEN2WRITTEN,M0-A5-S0-B24-W9-F2-T0-X1-D1,Χτύπησε την πόρτα τόσες φορές όσες και οι συλλαβές της λέξης
4,0,WRITTEN2WRITTEN,M0-A5-S0-B24-W9-F2-T0-X2-D1,Χτύπησε την πόρτα τόσες φορές όσες και οι συλλαβές της λέξης
4,0,WRITTEN2WRITTEN,M0-A5-S0-B24-W9-F2-T0-X3-D1,Χτύπησε την πόρτα τόσες φορές όσες και οι συλλαβές της λέξης
4,0,WRITTEN2WRITTEN,M0-A5-S1-B12-W0-F2-T0-X0-D1,Χτύπησε την πόρτα τόσες φορές όσες και οι συλλαβές της λέξης
4,0,WRITTEN2WRITTEN,M0-A5-S1-B12-W0-F2-T0-X1-D1,Χτύπησε την πόρτα τόσες φορές όσες και οι συλλαβές της λέξης
4,0,WRITTEN2WRITTEN,M0-A5-S1-B12-W0-F2-T0-X2-D1,Χτύπησε την πόρτα τόσες φορές όσες και οι συλλαβές της λέξης
4,0,WRITTEN2WRITTEN,M0-A5-S1-B12-W0-F2-T0-X3-D1,Χτύπησε την πόρτα τόσες φορές όσες και οι συλλαβές της λέξης
4,0,WRITTEN2WRITTEN,M0-A5-S1-B12-W4-F2-T0-X0-D1,Χτύπησε την πόρτα τόσες φορές όσες και οι συλλαβές της λέξης
4,0,WRITTEN2WRITTEN,M0-A5-S1-B12-W4-F2-T0-X1-D1,Χτύπησε την πόρτα τόσες φορές όσες και οι συλλαβές της λέξης
4,0,WRITTEN2WRITTEN,M0-A5-S1-B12-W4-F2-T0-X2-D1,Χτύπησε την πόρτα τόσες φορές όσες και οι συλλαβές της λέξης
4,0,WRITTEN2WRITTEN,M0-A5-S1-B12-W4-F2-T0-X3-D1,Χτύπησε την πόρτα τόσες φορές όσες και οι συλλαβές της λέξης
4,0,WRITTEN2WRITTEN,M0-A5-S1-B12-W9-F2-T0-X0-D1,Χτύπησε την πόρτα τόσες φορές όσες και οι συλλαβές της λέξης
4,0,WRITTEN2WRITTEN,M0-A5-S1-B12-W9-F2-T0-X1-D1,Χτύπησε την πόρτα τόσες φορές όσες και οι συλλαβές της λέξης
4,0,WRITTEN2WRITTEN,M0-A5-S1-B12-W9-F2-T0-X2-D1,Χτύπησε την πόρτα τόσες φορές όσες και οι συλλαβές της λέξης
4,0,WRITTEN2WRITTEN,M0-A5-S1-B12-W9-F2-T0-X3-D1,Χτύπησε την πόρτα τόσες φορές όσες και οι συλλαβές της λέξης
4,0,WRITTEN2WRITTEN,M0-A5-S1-B16-W0-F2-T0-X0-D1,Χτύπησε την πόρτα τόσες φορές όσες και οι συλλαβές της λέξης
4,0,WRITTEN2WRITTEN,M0-A5-S1-B16-W0-F2-T0-X1-D1,Χτύπησε την πόρτα τόσες φορές όσες και οι συλλαβές της λέξης
4,0,WRITTEN2WRITTEN,M0-A5-S1-B16-W0-F2-T0-X2-D1,Χτύπησε την πόρτα τόσες φορές όσες και οι συλλαβές της λέξης
4,0,WRITTEN2WRITTEN,M0-A5-S1-B16-W0-F2-T0-X3-D1,Χτύπησε την πόρτα τόσες φορές όσες και οι συλλαβές της λέξης
4,0,WRITTEN2WRITTEN,M0-A5-S1-B16-W4-F2-T0-X0-D1,Χτύπησε την πόρτα τόσες φορές όσες και οι συλλαβές της λέξης
4,0,WRITTEN2WRITTEN,M0-A5-S1-B16-W4-F2-T0-X1-D1,Χτύπησε την πόρτα τόσες φορές όσες και οι συλλαβές της λέξης
4,0,WRITTEN2WRITTEN,M0-A5-S1-B16-W4-F2-T0-X2-D1,Χτύπησε την πόρτα τόσες φορές όσες και οι συλλαβές της λέξης
4,0,WRITTEN2WRITTEN,M0-A5-S1-B16-W4-F2-T0-X3-D1,Χτύπησε την πόρτα τόσες φορές όσες και οι συλλαβές της λέξης
4,0,WRITTEN2WRITTEN,M0-A5-S1-B16-W9-F2-T0-X0-D1,Χτύπησε την πόρτα τόσες φορές όσες και οι συλλαβές της λέξης
4,0,WRITTEN2WRITTEN,M0-A5-S1-B16-W9-F2-T0-X1-D1,Χτύπησε την πόρτα τόσες φορές όσες και οι συλλαβές της λέξης
4,0,WRITTEN2WRITTEN,M0-A5-S1-B16-W9-F2-T0-X2-D1,Χτύπησε την πόρτα τόσες φορές όσες και οι συλλαβές της λέξης
4,0,WRITTEN2WRITTEN,M0-A5-S1-B16-W9-F2-T0-X3-D1,Χτύπησε την πόρτα τόσες φορές όσες και οι συλλαβές της λέξης
4,0,WRITTEN2WRITTEN,M0-A5-S1-B20-W0-F2-T0-X0-D1,Χτύπησε την πόρτα τόσες φορές όσες και οι συλλαβές της λέξης
4,0,WRITTEN2WRITTEN,M0-A5-S1-B20-W0-F2-T0-X1-D1,Χτύπησε την πόρτα τόσες φορές όσες και οι συλλαβές της λέξης
4,0,WRITTEN2WRITTEN,M0-A5-S1-B20-W0-F2-T0-X2-D1,Χτύπησε την πόρτα τόσες φορές όσες και οι συλλαβές της λέξης
4,0,WRITTEN2WRITTEN,M0-A5-S1-B20-W0-F2-T0-X3-D1,Χτύπησε την πόρτα τόσες φορές όσες και οι συλλαβές της λέξης
4,0,WRITTEN2WRITTEN,M0-A5-S1-B20-W4-F2-T0-X0-D1,Χτύπησε την πόρτα τόσες φορές όσες και οι συλλαβές της λέξης
4,0,WRITTEN2WRITTEN,M0-A5-S1-B20-W4-F2-T0-X1-D1,Χτύπησε την πόρτα τόσες φορές όσες και οι συλλαβές της λέξης
4,0,WRITTEN2WRITTEN,M0-A5-S1-B20-W4-F2-T0-X2-D1,Χτύπησε την πόρτα τόσες φορές όσες και οι συλλαβές της λέξης
4,0,WRITTEN2WRITTEN,M0-A5-S1-B20-W4-F2-T0-X3-D1,Χτύπησε την πόρτα τόσες φορές όσες και οι συλλαβές της λέξης
4,0,WRITTEN2WRITTEN,M0-A5-S1-B20-W9-F2-T0-X0-D1,Χτύπησε την πόρτα τόσες φορές όσες και οι συλλαβές της λέξης
4,0,WRITTEN2WRITTEN,M0-A5-S1-B20-W9-F2-T0-X1-D1,Χτύπησε την πόρτα τόσες φορές όσες και οι συλλαβές της λέξης
4,0,WRITTEN2WRITTEN,M0-A5-S1-B20-W9-F2-T0-X2-D1,Χτύπησε την πόρτα τόσες φορές όσες και οι συλλαβές της λέξης
4,0,WRITTEN2WRITTEN,M0-A5-S1-B20-W9-F2-T0-X3-D1,Χτύπησε την πόρτα τόσες φορές όσες και οι συλλαβές της λέξης
4,0,WRITTEN2WRITTEN,M0-A5-S1-B24-W0-F2-T0-X0-D1,Χτύπησε την πόρτα τόσες φορές όσες και οι συλλαβές της λέξης
4,0,WRITTEN2WRITTEN,M0-A5-S1-B24-W0-F2-T0-X1-D1,Χτύπησε την πόρτα τόσες φορές όσες και οι συλλαβές της λέξης
4,0,WRITTEN2WRITTEN,M0-A5-S1-B24-W0-F2-T0-X2-D1,Χτύπησε την πόρτα τόσες φορές όσες και οι συλλαβές της λέξης
4,0,WRITTEN2WRITTEN,M0-A5-S1-B24-W0-F2-T0-X3-D1,Χτύπησε την πόρτα τόσες φορές όσες και οι συλλαβές της λέξης
4,0,WRITTEN2WRITTEN,M0-A5-S1-B24-W4-F2-T0-X0-D1,Χτύπησε την πόρτα τόσες φορές όσες και οι συλλαβές της λέξης
4,0,WRITTEN2WRITTEN,M0-A5-S1-B24-W4-F2-T0-X1-D1,Χτύπησε την πόρτα τόσες φορές όσες και οι συλλαβές της λέξης
4,0,WRITTEN2WRITTEN,M0-A5-S1-B24-W4-F2-T0-X2-D1,Χτύπησε την πόρτα τόσες φορές όσες και οι συλλαβές της λέξης
4,0,WRITTEN2WRITTEN,M0-A5-S1-B24-W4-F2-T0-X3-D1,Χτύπησε την πόρτα τόσες φορές όσες και οι συλλαβές της λέξης
4,0,WRITTEN2WRITTEN,M0-A5-S1-B24-W9-F2-T0-X0-D1,Χτύπησε την πόρτα τόσες φορές όσες και οι συλλαβές της λέξης
4,0,WRITTEN2WRITTEN,M0-A5-S1-B24-W9-F2-T0-X1-D1,Χτύπησε την πόρτα τόσες φορές όσες και οι συλλαβές της λέξης
4,0,WRITTEN2WRITTEN,M0-A5-S1-B24-W9-F2-T0-X2-D1,Χτύπησε την πόρτα τόσες φορές όσες και οι συλλαβές της λέξης
4,0,WRITTEN2WRITTEN,M0-A5-S1-B24-W9-F2-T0-X3-D1,Χτύπησε την πόρτα τόσες φορές όσες και οι συλλαβές της λέξης
4,0,WRITTEN2WRITTEN,M0-A5-S2-B12-W0-F2-T0-X0-D1,Χτύπησε την πόρτα τόσες φορές όσες και οι συλλαβές της λέξης
4,0,WRITTEN2WRITTEN,M0-A5-S2-B12-W0-F2-T0-X1-D1,Χτύπησε την πόρτα τόσες φορές όσες και οι συλλαβές της λέξης
4,0,WRITTEN2WRITTEN,M0-A5-S2-B12-W0-F2-T0-X2-D1,Χτύπησε την πόρτα τόσες φορές όσες και οι συλλαβές της λέξης
4,0,WRITTEN2WRITTEN,M0-A5-S2-B12-W0-F2-T0-X3-D1,Χτύπησε την πόρτα τόσες φορές όσες και οι συλλαβές της λέξης
4,0,WRITTEN2WRITTEN,M0-A5-S2-B12-W4-F2-T0-X0-D1,Χτύπησε την πόρτα τόσες φορές όσες και οι συλλαβές της λέξης
4,0,WRITTEN2WRITTEN,M0-A5-S2-B12-W4-F2-T0-X1-D1,Χτύπησε την πόρτα τόσες φορές όσες και οι συλλαβές της λέξης
4,0,WRITTEN2WRITTEN,M0-A5-S2-B12-W4-F2-T0-X2-D1,Χτύπησε την πόρτα τόσες φορές όσες και οι συλλαβές της λέξης
4,0,WRITTEN2WRITTEN,M0-A5-S2-B12-W4-F2-T0-X3-D1,Χτύπησε την πόρτα τόσες φορές όσες και οι συλλαβές της λέξης
4,0,WRITTEN2WRITTEN,M0-A5-S2-B12-W9-F2-T0-X0-D1,Χτύπησε την πόρτα τόσες φορές όσες και οι συλλαβές της λέξης
4,0,WRITTEN2WRITTEN,M0-A5-S2-B12-W9-F2-T0-X1-D1,Χτύπησε την πόρτα τόσες φορές όσες και οι συλλαβές της λέξης
4,0,WRITTEN2WRITTEN,M0-A5-S2-B12-W9-F2-T0-X2-D1,Χτύπησε την πόρτα τόσες φορές όσες και οι συλλαβές της λέξης
4,0,WRITTEN2WRITTEN,M0-A5-S2-B12-W9-F2-T0-X3-D1,Χτύπησε την πόρτα τόσες φορές όσες και οι συλλαβές της λέξης
4,0,WRITTEN2WRITTEN,M0-A5-S2-B16-W0-F2-T0-X0-D1,Χτύπησε την πόρτα τόσες φορές όσες και οι συλλαβές της λέξης
4,0,WRITTEN2WRITTEN,M0-A5-S2-B16-W0-F2-T0-X1-D1,Χτύπησε την πόρτα τόσες φορές όσες και οι συλλαβές της λέξης
4,0,WRITTEN2WRITTEN,M0-A5-S2-B16-W0-F2-T0-X2-D1,Χτύπησε την πόρτα τόσες φορές όσες και οι συλλαβές της λέξης
4,0,WRITTEN2WRITTEN,M0-A5-S2-B16-W0-F2-T0-X3-D1,Χτύπησε την πόρτα τόσες φορές όσες και οι συλλαβές της λέξης
4,0,WRITTEN2WRITTEN,M0-A5-S2-B16-W4-F2-T0-X0-D1,Χτύπησε την πόρτα τόσες φορές όσες και οι συλλαβές της λέξης
4,0,WRITTEN2WRITTEN,M0-A5-S2-B16-W4-F2-T0-X1-D1,Χτύπησε την πόρτα τόσες φορές όσες και οι συλλαβές της λέξης
4,0,WRITTEN2WRITTEN,M0-A5-S2-B16-W4-F2-T0-X2-D1,Χτύπησε την πόρτα τόσες φορές όσες και οι συλλαβές της λέξης
4,0,WRITTEN2WRITTEN,M0-A5-S2-B16-W4-F2-T0-X3-D1,Χτύπησε την πόρτα τόσες φορές όσες και οι συλλαβές της λέξης
4,0,WRITTEN2WRITTEN,M0-A5-S2-B16-W9-F2-T0-X0-D1,Χτύπησε την πόρτα τόσες φορές όσες και οι συλλαβές της λέξης
4,0,WRITTEN2WRITTEN,M0-A5-S2-B16-W9-F2-T0-X1-D1,Χτύπησε την πόρτα τόσες φορές όσες και οι συλλαβές της λέξης
4,0,WRITTEN2WRITTEN,M0-A5-S2-B16-W9-F2-T0-X2-D1,Χτύπησε την πόρτα τόσες φορές όσες και οι συλλαβές της λέξης
4,0,WRITTEN2WRITTEN,M0-A5-S2-B16-W9-F2-T0-X3-D1,Χτύπησε την πόρτα τόσες φορές όσες και οι συλλαβές της λέξης
4,0,WRITTEN2WRITTEN,M0-A5-S2-B20-W0-F2-T0-X0-D1,Χτύπησε την πόρτα τόσες φορές όσες και οι συλλαβές της λέξης
4,0,WRITTEN2WRITTEN,M0-A5-S2-B20-W0-F2-T0-X1-D1,Χτύπησε την πόρτα τόσες φορές όσες και οι συλλαβές της λέξης
4,0,WRITTEN2WRITTEN,M0-A5-S2-B20-W0-F2-T0-X2-D1,Χτύπησε την πόρτα τόσες φορές όσες και οι συλλαβές της λέξης
4,0,WRITTEN2WRITTEN,M0-A5-S2-B20-W0-F2-T0-X3-D1,Χτύπησε την πόρτα τόσες φορές όσες και οι συλλαβές της λέξης
4,0,WRITTEN2WRITTEN,M0-A5-S2-B20-W4-F2-T0-X0-D1,Χτύπησε την πόρτα τόσες φορές όσες και οι συλλαβές της λέξης
4,0,WRITTEN2WRITTEN,M0-A5-S2-B20-W4-F2-T0-X1-D1,Χτύπησε την πόρτα τόσες φορές όσες και οι συλλαβές της λέξης
4,0,WRITTEN2WRITTEN,M0-A5-S2-B20-W4-F2-T0-X2-D1,Χτύπησε την πόρτα τόσες φορές όσες και οι συλλαβές της λέξης
4,0,WRITTEN2WRITTEN,M0-A5-S2-B20-W4-F2-T0-X3-D1,Χτύπησε την πόρτα τόσες φορές όσες και οι συλλαβές της λέξης
4,0,WRITTEN2WRITTEN,M0-A5-S2-B20-W9-F2-T0-X0-D1,Χτύπησε την πόρτα τόσες φορές όσες και οι συλλαβές της λέξης
4,0,WRITTEN2WRITTEN,M0-A5-S2-B20-W9-F2-T0-X1-D1,Χτύπησε την πόρτα τόσες φορές όσες και οι συλλαβές της λέξης
4,0,WRITTEN2WRITTEN,M0-A5-S2-B20-W9-F2-T0-X2-D1,Χτύπησε την πόρτα τόσες φορές όσες και οι συλλαβές της λέξης
4,0,WRITTEN2WRITTEN,M0-A5-S2-B20-W9-F2-T0-X3-D1,Χτύπησε την πόρτα τόσες φορές όσες και οι συλλαβές της λέξης
4,0,WRITTEN2WRITTEN,M0-A5-S2-B24-W0-F2-T0-X0-D1,Χτύπησε την πόρτα τόσες φορές όσες και οι συλλαβές της λέξης
4,0,WRITTEN2WRITTEN,M0-A5-S2-B24-W0-F2-T0-X1-D1,Χτύπησε την πόρτα τόσες φορές όσες και οι συλλαβές της λέξης
4,0,WRITTEN2WRITTEN,M0-A5-S2-B24-W0-F2-T0-X2-D1,Χτύπησε την πόρτα τόσες φορές όσες και οι συλλαβές της λέξης
4,0,WRITTEN2WRITTEN,M0-A5-S2-B24-W0-F2-T0-X3-D1,Χτύπησε την πόρτα τόσες φορές όσες και οι συλλαβές της λέξης
4,0,WRITTEN2WRITTEN,M0-A5-S2-B24-W4-F2-T0-X0-D1,Χτύπησε την πόρτα τόσες φορές όσες και οι συλλαβές της λέξης
4,0,WRITTEN2WRITTEN,M0-A5-S2-B24-W4-F2-T0-X1-D1,Χτύπησε την πόρτα τόσες φορές όσες και οι συλλαβές της λέξης
4,0,WRITTEN2WRITTEN,M0-A5-S2-B24-W4-F2-T0-X2-D1,Χτύπησε την πόρτα τόσες φορές όσες και οι συλλαβές της λέξης
4,0,WRITTEN2WRITTEN,M0-A5-S2-B24-W4-F2-T0-X3-D1,Χτύπησε την πόρτα τόσες φορές όσες και οι συλλαβές της λέξης
4,0,WRITTEN2WRITTEN,M0-A5-S2-B24-W9-F2-T0-X0-D1,Χτύπησε την πόρτα τόσες φορές όσες και οι συλλαβές της λέξης
4,0,WRITTEN2WRITTEN,M0-A5-S2-B24-W9-F2-T0-X1-D1,Χτύπησε την πόρτα τόσες φορές όσες και οι συλλαβές της λέξης
4,0,WRITTEN2WRITTEN,M0-A5-S2-B24-W9-F2-T0-X2-D1,Χτύπησε την πόρτα τόσες φορές όσες και οι συλλαβές της λέξης
4,0,WRITTEN2WRITTEN,M0-A5-S2-B24-W9-F2-T0-X3-D1,Χτύπησε την πόρτα τόσες φορές όσες και οι συλλαβές της λέξης